ROWID, CKEY, FNAME, LNAME, EML, PHN
1, ckey1, Vito, McGlynn, vito_mcglynn1992@aol.com, +10976669715
2, ckey1, Jenifer, Halvorson, jenifer_halvorson_me@yahoo.com, +11425063670
3, ckey1, Reece, Wiegand, reece_wiegand@aol.com, +18566314792
4, ckey1, Kendrick, Bartoletti, kendrick_bartoletti1934@gmail.com, +17265068834
5, ckey1, Alberto, Rowe, alberto_rowe_me@aol.com, +16393174833
6, ckey1, Demarcus, Walker, demarcus_walker_me@yahoo.com, +18417164980
7, ckey1, Caitlyn, Hessel, caitlyn_hessel65@hotmail.com, +915727218087
8, ckey1, Kyler, Kerluke, kyler_kerluke1966@hotmail.com, +15263301746
9, ckey1, Lauren, Kozey, lauren_kozey_cool@yahoo.com, +13195667201
10, ckey1, Wendell, Zieme, wendell_zieme32@aol.com, +915847483970
11, ckey1, Lacey, Baumbach, lacey_baumbach_cool@aol.com, +916538039675
12, ckey1, Aileen, Bergstrom, aileen_bergstrom65@hotmail.com, +918044686721
13, ckey1, Dejah, Macejkovic, dejah_macejkovic65@hotmail.com, +11197004726
14, ckey1, Zoie, Lindgren, zoie_lindgren_cool@gmail.com, +915152749091
15, ckey1, Meagan, Russel, meagan_russel2003@gmail.com, +914392733220
16, ckey1, Faye, Schumm, faye_schumm65@aol.com, +12470151544
17, ckey1, Kasey, Hyatt, kasey_hyatt32@aol.com, +919967746437
18, ckey1, Noble, Schinner, noble_schinner1992@aol.com, +17086292054
19, ckey1, Jakob, Bradtke, jakob_bradtke1934@yahoo.com, +10360034963
20, ckey1, Kaela, Donnelly, kaela_donnelly2003@aol.com, +916787124649
21, ckey1, Winona, Anderson, winona_anderson1934@yahoo.com, +15978321953
22, ckey1, Charlotte, McDermott, charlotte_mcdermott1966@yahoo.com, +916277184432
23, ckey1, Theresia, Bogisich, theresia_bogisich32@gmail.com, +912101674004
24, ckey1, Josiane, Luettgen, josiane_luettgen_me@hotmail.com, +11591514970
25, ckey1, Gaston, MacGyver, gaston_macgyver_cool@aol.com, +615235353656
26, ckey1, Marlin, Wintheiser, marlin_wintheiser1934@aol.com, +617095273430
27, ckey1, Maurine, Shanahan, maurine_shanahan_me@yahoo.com, +613193993513
28, ckey1, Koby, Klocko, koby_klocko1992@aol.com, +915268401953
29, ckey1, Archibald, Bogisich, archibald_bogisich32@yahoo.com, +15693334455
30, ckey1, Gene, Conn, gene_conn1934@aol.com, +612613725287
31, ckey1, Lionel, Wisoky, lionel_wisoky_me@hotmail.com, +12595603506
32, ckey1, Gladys, Macejkovic, gladys_macejkovic2003@hotmail.com, +616276501641
33, ckey1, Tyson, Hickle, tyson_hickle_cool@hotmail.com, +16344082603
34, ckey1, Sabina, Lubowitz, sabina_lubowitz1934@aol.com, +919381306979
35, ckey1, Claud, Lang, claud_lang1966@aol.com, +912824086192
36, ckey1, Lelia, Daugherty, lelia_daugherty_cool@hotmail.com, +618305041661
37, ckey1, Hobart, Thompson, hobart_thompson_me@hotmail.com, +610988442178
38, ckey1, Emiliano, Little, emiliano_little2003@gmail.com, +13528474378
39, ckey1, Shayna, Pfeffer, shayna_pfeffer_me@hotmail.com, +919811362912
40, ckey1, Consuelo, MacGyver, consuelo_macgyver1992@hotmail.com, +912060365124
41, ckey1, Max, Pollich, max_pollich32@gmail.com, +919308473529
42, ckey1, Marcelina, Corkery, marcelina_corkery1992@yahoo.com, +13948092357
43, ckey1, Burnice, Yost, burnice_yost65@hotmail.com, +917378913306
44, ckey1, Amani, Pagac, amani_pagac2003@yahoo.com, +911388213274
45, ckey1, Myrl, Dooley, myrl_dooley65@gmail.com, +15236673462
46, ckey1, Dameon, Senger, dameon_senger_me@aol.com, +911296561274
47, ckey1, Xavier, Conroy, xavier_conroy2003@hotmail.com, +912052871493
48, ckey1, Caitlyn, Murray, caitlyn_murray1992@gmail.com, +616536375882
49, ckey1, Rogers, Deckow, rogers_deckow@aol.com, +618312636655
50, ckey1, Alexis, Boehm, alexis_boehm65@gmail.com, +17799159004
